"Item Name","Qty","Price (total) (USD)","Notes"
"10 ohm 1% 0201 gate resistor - SAE 1RC0201F1009","24","$0.12","Replacement for backordered C105901; same value and package. 50 mW is suitable for 24 kHz PWM."
"AP2204K-3.3 LDO - AP2204K-3.3TRG1","1","$1.88",""
"121 kohm 1% 0402 resistor - SAE 1RC0402F1213","1","$0.18","Replacement for backordered C112303; same value and package."
"128 Mbit SPI flash - W25Q128JVSIQ","1","$2.52",""
"12.4 kohm 1% 0402 resistor - 0402WGF1242TCE","1","$0.14",""
"1 kohm 1% 0402 resistor - Yageo RC0402FR-071KL","2","$0.38","Replacement for backordered C11702; same value and package."
"22 uH power inductor - Bourns SRP7050TA-220M","1","$1.14","Replacement for backordered C1330991; higher current rating and same footprint, but 4.8 mm high instead of 2.8 mm."
"High-side current monitor - INA168NA/3K","1","$1.01",""
"10 nF 50 V X7R 0402 capacitor - CL05B103KB5NNNC","1","$0.50",""
"0.5 milliohm 2 W 2512 shunt - LR2512-22R0005F4","1","$0.83",""
"Flight-controller MCU - STM32F405RGT6","1","$6.01",""
"1 uF 50 V X5R 0603 capacitor - Taiyo Yuden UMK107BJ105KA-T","9","$0.77","Replacement for backordered C15849; same capacitance, voltage and package."
"100 nF 50 V X7R 0603 capacitor - Yageo CC0603KRX7R9BB104","4","$0.62","Replacement for backordered C1591; same capacitance, voltage and package."
"60 V 2 A Schottky diode - SS26","1","$0.60",""
"100 nF 50 V X7R 0805 capacitor - CL21B104KBCNNNC","4","$0.30",""
"NPN transistor - BC817-40","1","$0.11",""
"1 uF 50 V X7R 1206 capacitor - AC1206KKX7R9BB105","4","$0.53",""
"40 V 1 A buck converter - LMR14010ADDCT","1","$2.39",""
"2.2 uF 16 V X5R 0603 capacitor - CL10A225KO8NNNC","1","$0.91",""
"100 kohm 1% 0402 resistor - 0402WGF1003TCE","2","$0.25",""
"10 kohm 1% 0402 resistor - 0402WGF1002TCE","5","$0.34",""
"200 kohm 1% 0402 resistor - 0402WGF2003TCE","1","$0.18",""
"24.9 kohm 1% 0402 resistor - Yageo RC0402FR-0724K9L","1","$0.14","Replacement for backordered C25874; same value and package."
"5.1 kohm 1% 0402 resistor - 0402WGF5101TCE","2","$0.24",""
"100 kohm 1% 0201 resistor - 0201WMF1003TEE","12","$0.15",""
"22 uF 16 V X5R 0603 capacitor - CL10A226MO7JZNC","4","$0.34",""
"USB Type-C 16-pin receptacle - TYPE-C 16PIN 2MD(073)","1","$1.50",""
"40 V Schottky diode - BAT54KFILM","12","$1.43",""
"22 uF 25 V X5R 1206 capacitor - 1206X226M250NT","1","$1.22",""
"1 nF 50 V X7R 0201 capacitor - FN03X102K500PLG","12","$0.20",""
"100 nF 16 V X5R 0201 capacitor - TCC0201X5R104K160ZT","20","$0.22",""
"Three-phase gate driver - Fortior FD6288Q","4","$9.49",""
"10 uF 50 V X7R 1210 capacitor - C3225X7R1H106MT000E","3","$1.88",""
"40 V LFPAK56 MOSFET - VBsemi VBGED1401","24","$33.12","Replacement for backordered C458253; same LFPAK56 footprint and 40 V rating, with lower typical RDS(on). Prototype testing is required."
"10 kohm 1% 0201 resistor - 0201WMF1002TEE","16","$0.14",""
"2.2 uF 10 V X6S 0402 capacitor - GRT155C81A225KE13D","3","$0.49",""
"220 nF 50 V X5R 0402 capacitor - GRM155R61H224KE01D","2","$0.97",""
"1 uF 25 V X5R 0402 capacitor - CL05A105KA5NQNC","4","$0.54",""
"3.0 V LDO - MCP1700T-3002E/TT","1","$0.52",""
"2.2 uH power inductor - ANR3015T2R2M","1","$0.83",""
"Reset/boot tactile switch - TS-1088-AR02016","2","$0.53",""
"26 V TVS diode - SMBJ26A","1","$0.81",""
"3.3 uH power inductor - ANR3015T3R3M","1","$0.43",""
"ESC MCU - EFM8BB21F16G-C-QFN20R","4","$5.06",""
"40 V 1 A Schottky diode - 1N5819HW-7-F","1","$0.57",""
"36 V 3 A buck converter - LMR33630ADDAR","2","$1.51",""
"100 nF 50 V X7R 0402 capacitor - CL05B104KB5NNNC","13","$0.50",""
"6-axis IMU - ICM-20602","1","$6.02",""
"3-wire ESC connection cable","4","$0.00",""
"8-wire FC-to-distribution cable","1","$0.00",""
"6-wire VTX cable","1","$0.00",""
"ESC distribution PCB","1","$49.80",""
"Individual ESC PCB","4","$49.50",""
"Flight-controller PCB","1","$4.00",""
"JLCPCB estimated shipping","1","$21.93",""
"Total Price (USD)","","$195.79","Prices checked at LCSC and JLCPCB on 2026-10-07."
