"Description","Customer Part Number","Package","Quantity","LCSC Part Number"
"10Ohm","ESC:R2,R3,R4,R5,R6,R7 (x4)","Resistor_SMD:R_0201_0603Metric","24","C105901"
"AP2204K-3.3","ESC-Verteiler:U1","Package_TO_SOT_SMD:SOT-23-5","1","C112032"
"121kOhm","ESC-Verteiler:R8","Resistor_SMD:R_0402_1005Metric","1","C112303"
"W25Q128JVS","FC:U6","Package_SO:SOIC-8_5.3x5.3mm_P1.27mm","1","C113767"
"12.4kOhm","FC:R7","Resistor_SMD:R_0402_1005Metric_Pad0.72x0.64mm_HandSolder","1","C11692"
"1kOhm","FC:R2,R5","Resistor_SMD:R_0402_1005Metric_Pad0.72x0.64mm_HandSolder","2","C11702"
"22uH","ESC-Verteiler:L1","Inductor_SMD:L_Bourns_SRP7028A_7.3x6.6mm","1","C1330991"
"INA168","ESC-Verteiler:U11","Package_TO_SOT_SMD:SOT-23-5","1","C134294"
"10nf","FC:C6","Capacitor_SMD:C_0402_1005Metric_Pad0.74x0.62mm_HandSolder","1","C15195"
"0.5mOhms","ESC-Verteiler:R31","Resistor_SMD:R_2512_6332Metric","1","C154666"
"STM32F405RGTx","FC:U1","Package_QFP:LQFP-64_10x10mm_P0.5mm","1","C15742"
"1uf","ESC:C26,C43 (x4); ESC-Verteiler:C1","Capacitor_SMD:C_0603_1608Metric","9","C15849"
"100nf","ESC:C27 (x4)","Capacitor_SMD:C_0603_1608Metric","4","C1591"
"JST SH 1.0mm Horizontal 3P","ESC:J1 (x4); ESC-Verteiler:J2,J3,J4,J5","Connector_JST:JST_SH_SM03B-SRSS-TB_1x03-1MP_P1.00mm_Horizontal","8","C160403"
"JST SH 1.0mm Horizontal 6P","FC:J2","Connector_JST:JST_SH_SM06B-SRSS-TB_1x06-1MP_P1.00mm_Horizontal","1","C160405"
"JST SH 1.0mm Horizontal 8P","FC:J1; ESC-Verteiler:J1","Connector_JST:JST_SH_SM08B-SRSS-TB_1x08-1MP_P1.00mm_Horizontal","2","C160407"
"D","ESC-Verteiler:D1","Diode_SMD:D_SMA","1","C169419"
"100nf","ESC-Verteiler:C7,C9,C10,C12","Capacitor_SMD:C_0805_2012Metric","4","C1711"
"BC817","FC:Q1","Package_TO_SOT_SMD:SOT-23","1","C181151"
"1uf","ESC-Verteiler:C6,C8,C11,C13","Capacitor_SMD:C_1206_3216Metric","4","C1853626"
"LMR14010ADDCT","ESC-Verteiler:U3","Package_TO_SOT_SMD:TSOT-23-6","1","C2070867"
"2.2uf","ESC-Verteiler:C2","Capacitor_SMD:C_0603_1608Metric","1","C23630"
"100kOhm","FC:R3,R6","Resistor_SMD:R_0402_1005Metric_Pad0.72x0.64mm_HandSolder","2","C25741"
"10kOhm","FC:R1,R8,R9,R10; ESC-Verteiler:R9","Resistor_SMD:R_0402_1005Metric","5","C25744"
"200kOhm","ESC-Verteiler:R34","Resistor_SMD:R_0402_1005Metric","1","C25764"
"24.9kOhm","FC:R4","Resistor_SMD:R_0402_1005Metric_Pad0.72x0.64mm_HandSolder","1","C25874"
"5.1kOhm","FC:R11,R12","Resistor_SMD:R_0402_1005Metric_Pad0.72x0.64mm_HandSolder","2","C25905"
"100kOhm","ESC:R32,R33,R35 (x4)","Resistor_SMD:R_0201_0603Metric","12","C270364"
"22uf","FC:C17,C18,C21,C22","Capacitor_SMD:C_0603_1608Metric_Pad1.08x0.95mm_HandSolder","4","C2762594"
"TYPE-C 16PIN 2MD","FC:USB1","EasyEDA:USB-C-SMD_TYPE-C-16PIN-2MD-073","1","C2765186"
"BAT54","ESC:D2,D3,D4 (x4)","Diode_SMD:D_SOD-523","12","C283259"
"22uf","ESC-Verteiler:C4","Capacitor_SMD:C_1206_3216Metric","1","C2858005"
"1nf","ESC:C22,C23,C24 (x4)","Capacitor_SMD:C_0201_0603Metric","12","C2874741"
"100nf","ESC:C1,C5,C6,C7,C44 (x4)","Capacitor_SMD:C_0201_0603Metric","20","C2903663"
"FD6288Q","ESC:U2 (x4)","Package_DFN_QFN:HVQFN-24-1EP_4x4mm_P0.5mm_EP2.6x2.6mm","4","C328453"
"10uf","FC:C8,C12; ESC-Verteiler:C5","Capacitor_SMD:C_1210_3225Metric","3","C342670"
"PSMN1R4-40YLDX","ESC:Q1,Q2,Q3,Q6,Q7,Q8 (x4)","Package_TO_SOT_SMD:LFPAK56","24","C458253"
"10kOhm","ESC:R1,R36,R37,R38 (x4)","Resistor_SMD:R_0201_0603Metric","16","C473048"
"2.2uF","FC:C5,C27,C28","Capacitor_SMD:C_0402_1005Metric_Pad0.74x0.62mm_HandSolder","3","C5119302"
"220nf","FC:C7,C11","Capacitor_SMD:C_0402_1005Metric_Pad0.74x0.62mm_HandSolder","2","C5159775"
"1uf","FC:C1,C2,C9,C13","Capacitor_SMD:C_0402_1005Metric_Pad0.74x0.62mm_HandSolder","4","C52923"
"MCP1700x-300xxTT","FC:U2","Package_TO_SOT_SMD:SOT-23","1","C62244"
"2.2uH","FC:L1","Inductor_SMD:L_APV_ANR3015","1","C6364793"
"Taster (RST/BOOT)","FC:SW1,SW2","EasyEDA:SW-SMD_L3.9-W3.0-P4.45","2","C720477"
"D","ESC-Verteiler:D14","Diode_SMD:D_SMB","1","C726831"
"3.3uH","FC:L2","Inductor_SMD:L_APV_ANR3015","1","C7427087"
"EFM8BB21F16G-C-QFN20R","ESC:U1 (x4)","Package_DFN_QFN:SiliconLabs_QFN-20-1EP_3x3mm_P0.5mm_EP1.8x1.8mm","4","C80713"
"D","FC:D1","Diode_SMD:D_SOD-123","1","C82544"
"LMR33630ADDA","FC:U4,U5","Package_SO:Texas_HSOP-8-1EP_3.9x4.9mm_P1.27mm_ThermalVias","2","C841384"
"100nf","FC:C3,C4,C10,C14,C15,C16,C19,C20,C23,C24,C25,C26; ESC-Verteiler:C3","Capacitor_SMD:C_0402_1005Metric","13","C960916"
"ICM-20602","FC:U3","Package_LGA:LGA-16_3x3mm_P0.5mm_LayoutBorder3x5y","1","C97633"
